Content,Video title,Video publish time,Duration,Average view duration,Average percentage viewed (%),Engaged views,Stayed to watch (%),Unique viewers,Average views per viewer,New viewers,Returning viewers,Casual viewers,Regular viewers,Transaction revenue (USD),Transactions,Revenue per transaction (USD),YouTube Premium (USD),Watch Page ads (USD),Estimated DoubleClick revenue (USD),Estimated AdSense revenue (USD),YouTube ad revenue (USD),Ad impressions,Playback-based CPM (USD),CPM (USD),Estimated monetized playbacks,RPM (USD),Views,Watch time (hours),Subscribers,Estimated revenue (USD),Impressions,Impressions click-through rate (%)
Total,,,,0:01:28,50.92,451057,66.38,0,0,0,0,0,0,0,0,0,0,0,0,0,0,0,0,0,0,0,764290,11168.4779,5876,0,878587,4.06
UObM30FGdSs,The 12 Tribes origins and historical significance!  #history #biblicalexploration #history,"Feb 15, 2025",45,0:01:05,146.2,89201,70.63,,,,,,,,,,,,,,,,,,,,115217,1634.71,1446,,99676,4.52
WpEsJWK1Awo,Part 11: The Prophecy revealed: Full Breakdown of the 12 Tribes of Israel @AIBIBLEGOSPELS,"Mar 30, 2025",45,0:01:11,159.35,27591,72.98,,,,,,,,,,,,,,,,,,,,59920,553.7381,362,,14271,6.23
fGuiMnJQsjY,Why God Chose The Smallest Nation To Be SPECIAL? #blackhistory @AIBIBLEGOSPELS,"Mar 3, 2025",40,0:01:08,171.27,16605,77.32,,,,,,,,,,,,,,,,,,,,22300,316.2635,225,,46428,7.53
hNt6alQiIVE,Part 28 : The Prophecy revealed: Full Breakdown of the 12 Tribes of Israel @AIBIBLEGOSPELS,"Apr 3, 2025",58,0:01:28,152.86,16009,75.91,,,,,,,,,,,,,,,,,,,,33316,396.3603,153,,16766,5.79
rjtM2N5MIGM,Part 33 : The Prophecy revealed: Full Breakdown of the 12 Tribes of Israel @AIBIBLEGOSPELS,"Apr 5, 2025",62,0:01:18,126.93,13473,79.17,,,,,,,,,,,,,,,,,,,,27022,296.0819,150,,16391,7.84
RSooE7guQxg,Noah Youngins #biblicalexploration #history #blackhistory @AIBIBLEGOSPELS,"Feb 19, 2025",37,0:00:57,155.81,12983,68.24,,,,,,,,,,,,,,,,,,,,13123,207.9222,122,,2973,2.66
H9jblXXVHxY,Where Did The Lost Tribes of Israel Really Go? #history #biblicalexploration #blackhistory,"Feb 9, 2025",38,0:00:59,156.08,11443,78.98,,,,,,,,,,,,,,,,,,,,12009,188.5964,140,,13163,3.31
EWksyIbaImo,Part 37 : The Prophecy revealed: Full Breakdown of the 12 Tribes of Israel @AIBIBLEGOSPELS,"Apr 7, 2025",55,0:01:17,140.68,10531,71.04,,,,,,,,,,,,,,,,,,,,22270,227.9823,55,,4131,2.4
dKw6UGVQF98,Part 10  The Prophecy revealed: Full Breakdown of the 12 Tribes of Israel @AIBIBLEGOSPELS,"Mar 28, 2025",44,0:01:02,142.09,9715,63.87,,,,,,,,,,,,,,,,,,,,19415,170.5501,72,,4366,3.21
mAJS97kNC5E,The Prophecy Reveled : Chosen 12 Tribes of Israel (Official Movie ) @AIBIBLEGOSPELS,"May 26, 2025",5367,0:17:24,19.46,9338,,,,,,,,,,,,,,,,,,,,,9338,2709.8534,236,,116040,4.37
svPYMDJB6f4,Part 8 : The Prophecy revealed: Full Breakdown of the 12 Tribes of Israel @AIBIBLEGOSPELS,"Mar 27, 2025",40,0:00:55,139.21,9138,65.27,,,,,,,,,,,,,,,,,,,,16962,142.5966,60,,6659,3.08
0XrtYFN9Kr0,Part 17 :  The Prophecy revealed: Full Breakdown of the 12 Tribes of Israel @AIBIBLEGOSPELS,"Mar 31, 2025",56,0:01:03,114.05,7877,67.26,,,,,,,,,,,,,,,,,,,,16161,141.3655,53,,5472,3.38
JVB7mOU2AhI,Part 20 : The Prophecy revealed: Full Breakdown of the 12 Tribes of Israel @AIBIBLEGOSPELS,"Apr 1, 2025",59,0:01:21,137.66,7548,71.11,,,,,,,,,,,,,,,,,,,,16369,171.6082,65,,3130,2.84
DEYNUT9uoxM,12 Tribes Of Israel what did the tribe of Judah do? #history @AIBIBLEGOSPELS,"Feb 21, 2025",34,0:00:45,133.45,7524,61.75,,,,,,,,,,,,,,,,,,,,8223,94.9211,45,,21061,3.2
isBUYL7jvdY,Part 47 : The Prophecy revealed: Full Breakdown of the 12 Tribes of Israel @AIBIBLEGOSPELS,"Apr 19, 2025",58,0:01:28,153.32,7199,71.91,,,,,,,,,,,,,,,,,,,,15570,178.979,65,,2200,2.41
8pMiLny_LOc,Part 44 : The Prophecy revealed: Full Breakdown of the 12 Tribes of Israel @AIBIBLEGOSPELS,"Apr 15, 2025",56,0:01:16,136.64,6522,77.43,,,,,,,,,,,,,,,,,,,,12811,139.4167,60,,12492,6.31
m51Aex5Y6Aw,Who are the Scattered Hebrew Israelites in the Americas? #history #biblicalexploration #blackhistory,"Feb 13, 2025",51,0:01:08,133.98,5435,64.73,,,,,,,,,,,,,,,,,,,,5593,103.1797,46,,5612,4.79
JtHZygSmaH8,Part 21 : The Prophecy revealed: Full Breakdown of the 12 Tribes of Israel @AIBIBLEGOSPELS,"Apr 1, 2025",51,0:01:07,132.36,5224,67.78,,,,,,,,,,,,,,,,,,,,11466,99.0727,38,,4065,4.85
_VyT3Wja8rI,Part 11 :  The Prophecy revealed : Full Breakdown of the 12 Tribes of Israel @AIBIBLEGOSPELS,"Mar 30, 2025",50,0:01:00,120.29,5003,60.33,,,,,,,,,,,,,,,,,,,,9728,84.5267,27,,4151,2.07
Ad3mUsbLL3w,The Chosen: 12 Tribes of Israel – Teaser Trailer @AIBIBLEGOSPELS,"Apr 12, 2025",68,0:00:29,43.51,4610,,,,,,,,,,,,,,,,,,,,,4610,37.8879,64,,10426,3.89
xMqnO931dic,Part 66: The Prophecy revealed: Full Breakdown of the 12 Tribes of Israel @AIBIBLEGOSPELS,"May 7, 2025",50,0:01:25,171.57,4545,76.93,,,,,,,,,,,,,,,,,,,,9608,108.8749,45,,11703,7.22
f9RM-psiCu0,Part 34 : The Prophecy revealed: Full Breakdown of the 12 Tribes of Israel @AIBIBLEGOSPELS,"Apr 5, 2025",59,0:01:27,148.56,4388,73.12,,,,,,,,,,,,,,,,,,,,9407,107.5925,28,,3755,6.6
wlF2yDtDdfo,Part 45 : The Prophecy revealed: Full Breakdown of the 12 Tribes of Israel @AIBIBLEGOSPELS,"Apr 17, 2025",59,0:01:17,130.63,4129,72.24,,,,,,,,,,,,,,,,,,,,8621,89.0637,59,,2302,3.26
9H4yPDLobmw,Part 15 : The Prophecy revealed: Full Breakdown of the 12 Tribes of Israel @AIBIBLEGOSPELS,"Mar 31, 2025",52,0:01:06,127.64,3982,70.17,,,,,,,,,,,,,,,,,,,,8274,74.1016,11,,1677,1.91
8sw0hlTmmaw,Part 62 :  The Prophecy revealed: Full Breakdown of the 12 Tribes of Israel @AIBIBLEGOSPELS,"May 2, 2025",59,0:01:09,117.21,3827,68.4,,,,,,,,,,,,,,,,,,,,7839,74.2691,27,,3914,3.81
HiOEk8CogA8,Part 18 : The Prophecy revealed: Full Breakdown of the 12 Tribes of Israel @AIBIBLEGOSPELS,"Mar 31, 2025",56,0:01:01,109.55,3791,63.51,,,,,,,,,,,,,,,,,,,,8155,65.4722,15,,2604,2.61
VtwWyI_SQnc,Part 35 : The Prophecy revealed: Full Breakdown of the 12 Tribes of Israel @AIBIBLEGOSPELS,"Apr 6, 2025",58,0:01:16,131.04,3715,71.41,,,,,,,,,,,,,,,,,,,,7647,79.1628,23,,2588,1.97
cNj0lEfNFiA,Part 29 : The Prophecy revealed: Full Breakdown of the 12 Tribes of Israel @AIBIBLEGOSPELS,"Apr 3, 2025",54,0:01:29,165.19,3645,73.54,,,,,,,,,,,,,,,,,,,,7684,90.861,21,,3557,5.9
mMkUmDuniVQ,Part 22 : The Prophecy revealed: Full Breakdown of the 12 Tribes of Israel @AIBIBLEGOSPELS,"Apr 1, 2025",58,0:01:27,151.18,3552,66.75,,,,,,,,,,,,,,,,,,,,7853,87.3027,16,,2555,3.13
NAYa0kXwSwQ,Part 19 : The Prophecy revealed: Full Breakdown of the 12 Tribes of Israel @AIBIBLEGOSPELS,"Apr 1, 2025",57,0:01:07,119.12,3502,76.84,,,,,,,,,,,,,,,,,,,,6802,66.5165,16,,2218,2.89
0c45lrmSNCo,Part 32 : The Prophecy revealed: Full Breakdown of the 12 Tribes of Israel @AIBIBLEGOSPELS,"Apr 4, 2025",58,0:01:33,161.55,3500,73.74,,,,,,,,,,,,,,,,,,,,7417,91.6465,25,,4880,4.55
ry_PjMpdi8Q,Part 40 : The Prophecy revealed: Full Breakdown of the 12 Tribes of Israel @AIBIBLEGOSPELS,"Apr 11, 2025",52,0:00:58,112.58,3470,69.57,,,,,,,,,,,,,,,,,,,,6714,57.0602,11,,2960,1.59
TZV8LKt-t5E,Part 48 : The Prophecy revealed: Full Breakdown of the 12 Tribes of Israel @AIBIBLEGOSPELS,"Apr 22, 2025",52,0:01:05,125.07,3151,56.15,,,,,,,,,,,,,,,,,,,,7335,57.9292,21,,4625,3.03
XJYSaQ1fpxU,Biblical Curses That Changed World History FOREVER! #history #biblicalexploration #blackhistory,"Feb 11, 2025",41,0:01:04,157.6,3042,64.95,,,,,,,,,,,,,,,,,,,,3159,54.6241,41,,3277,3.14
L84JUXnMoR8,The Hidden Truth About The 12 Tribes of Israel REVEALED #history @AIBIBLEGOSPELS,"Feb 22, 2025",34,0:00:58,171.09,2981,60.73,,,,,,,,,,,,,,,,,,,,3067,48.1841,33,,3853,3.27
Zs2ctQoZmhU,The Prophecy revealed: Full Breakdown of the 12 Tribes of Israel  @AIBIBLEGOSPELS,"Feb 25, 2025",248,0:01:51,44.99,2835,,,,,,,,,,,,,,,,,,,,,2835,87.8655,63,,37828,4.46
jzhLtWD4Qtw,Part 41 : The Prophecy revealed: Full Breakdown of the 12 Tribes of Israel @AIBIBLEGOSPELS,"Apr 12, 2025",57,0:00:56,99.33,2760,78.31,,,,,,,,,,,,,,,,,,,,4918,43.7558,11,,1606,1.81
crLefjKVnVk,Part 3 : The Prophecy revealed: Full Breakdown of the 12 Tribes of Israel  @AIBIBLEGOSPELS,"Mar 24, 2025",55,0:01:14,135.78,2692,68.38,,,,,,,,,,,,,,,,,,,,3178,55.9143,16,,2237,1.88
nVOXmuAJPuY,Part 36 : The Prophecy revealed: Full Breakdown of the 12 Tribes of Israel @AIBIBLEGOSPELS,"Apr 7, 2025",58,0:01:26,148.89,2574,68.75,,,,,,,,,,,,,,,,,,,,5525,62.2135,13,,3100,2.39
-814ghiFIXg,Part 43 : The Prophecy revealed: Full Breakdown of the 12 Tribes of Israel  @AIBIBLEGOSPELS,"Apr 14, 2025",60,0:01:02,104.43,2556,67.65,,,,,,,,,,,,,,,,,,,,4991,45.0801,7,,1667,3.12
TBNEIWRpnzI,Part 31 : The Prophecy revealed: Full Breakdown of the 12 Tribes of Israel @AIBIBLEGOSPELS,"Apr 3, 2025",57,0:01:16,134.92,2543,67.97,,,,,,,,,,,,,,,,,,,,5512,54.8204,16,,4818,3.84
rq27Uvxudwg,Who and Where are the lost 12 Tribes of Israel today? #history #biblicalexploration #Blackhistory,"Feb 14, 2025",40,0:00:59,148.89,2487,64.06,,,,,,,,,,,,,,,,,,,,2885,41.1929,23,,7896,3.29
6rni7hocXVM,Part 71 : The Prophecy revealed: Full Breakdown of the 12 Tribes of Israel @AIBIBLEGOSPELS,"May 15, 2025",56,0:00:55,99.12,2381,65.27,,,,,,,,,,,,,,,,,,,,4827,37.2277,9,,3634,6.44
bjjjgJR1wKY,Part 4 : The Prophecy revealed: Full Breakdown of the 12 Tribes of Israel  @AIBIBLEGOSPELS,"Mar 25, 2025",59,0:01:07,114.72,2375,65.54,,,,,,,,,,,,,,,,,,,,2758,44.7297,20,,1680,3.04
OP8DH3QeOlM,Part 15 : The Prophecy revealed: Full Breakdown of the 12 Tribes of Israel @AIBIBLEGOSPELS,"Mar 31, 2025",43,0:00:50,117.63,2366,61.8,,,,,,,,,,,,,,,,,,,,5095,33.8073,9,,1168,2.05
h7pYxWAEci0,Part 13 : The Prophecy revealed: Full Breakdown of the 12 Tribes of Israel @AIBIBLEGOSPELS,"Mar 30, 2025",43,0:00:54,127.82,2317,62.23,,,,,,,,,,,,,,,,,,,,4014,35.6557,9,,3592,3.03
BfPot9X6Yyk,Part 14 :  The Prophecy revealed : Full Breakdown of the 12 Tribes of Israel @AIBIBLEGOSPELS,"Mar 31, 2025",49,0:00:34,71.33,2165,62.63,,,,,,,,,,,,,,,,,,,,3847,21.5154,10,,1861,1.72
8qjE34r7ISM,The Prophecy Revealed : They look like us #history #biblicalexploration #blackhistory,"Feb 12, 2025",39,0:00:38,97.58,2161,58.63,,,,,,,,,,,,,,,,,,,,2258,22.8584,10,,1838,3.48
yo48yhFzwaM,Lost Tribes of Israel Found Through Biblical Prophecies! #blackhistory @AIBIBLEGOSPELS,"Feb 12, 2025",44,0:01:06,150.91,2083,66.42,,,,,,,,,,,,,,,,,,,,2210,38.4286,11,,3536,2.55
Iu9j9lbO1L0,Part 10 :  The Prophecy revealed: Full Breakdown of the 12 Tribes of Israel @AIBIBLEGOSPELS,"Mar 28, 2025",58,0:00:48,84.17,1969,71.41,,,,,,,,,,,,,,,,,,,,2250,26.7689,5,,1174,1.79
9YpL3hEPQuY,Part 39 : The Prophecy revealed: Full Breakdown of the 12 Tribes of Israel @AIBIBLEGOSPELS,"Apr 10, 2025",62,0:01:17,124.56,1954,63.63,,,,,,,,,,,,,,,,,,,,4249,42.4165,5,,2517,3.89
HS36EPP5zgc,Part 16: The Prophecy revealed: Full Breakdown of the 12 Tribes of Israel @AIBIBLEGOSPELS,"Mar 31, 2025",53,0:01:02,116.99,1702,65.22,,,,,,,,,,,,,,,,,,,,3120,29.6149,7,,1849,1.57
LwPZQ-wPjnc,Ancient Mystery of Israel's Missing Tribes FINALLY Explained! #blackhistory @AIBIBLEGOSPELS,"Feb 6, 2025",51,0:01:09,136.53,1649,69.98,,,,,,,,,,,,,,,,,,,,1817,31.9164,9,,4932,2.78
CoqyWeGFwik,Part 22 : The Prophecy revealed: Full Breakdown of the 12 Tribes of Israel @AIBIBLEGOSPELS,"Apr 2, 2025",61,0:01:18,129.44,1643,59.98,,,,,,,,,,,,,,,,,,,,3651,36.6008,9,,3451,2.93
MkoJO402Rmc,Part 26 : The Prophecy revealed: Full Breakdown of the 12 Tribes of Israel @AIBIBLEGOSPELS,"Apr 2, 2025",61,0:01:28,144.55,1632,73.8,,,,,,,,,,,,,,,,,,,,3447,40.2072,11,,3023,3.37
DXG-tql5TP8,The Most High Chosen “ How special we are” @AIBIBLEGOSPELS,"Mar 18, 2025",55,0:00:51,93.03,1620,66.72,,,,,,,,,,,,,,,,,,,,1713,23.0398,17,,1941,5
vEB569AEDwg,Part 24 : The Prophecy revealed: Full Breakdown of the 12 Tribes of Israel @AIBIBLEGOSPELS,"Apr 2, 2025",56,0:00:56,100.54,1583,69.74,,,,,,,,,,,,,,,,,,,,3120,25.0535,8,,1540,3.9
GrqhQqq8hCQ,Part 1 : The Prophecy revealed: Full Breakdown of the 12 Tribes of Israel  @AIBIBLEGOSPELS,"Mar 23, 2025",54,0:01:12,134.78,1504,60.25,,,,,,,,,,,,,,,,,,,,1961,30.4667,13,,1748,2.46
gK7bK1ktRR4,Part 61 : The Prophecy revealed: Full Breakdown of the 12 Tribes of Israel @AIBIBLEGOSPELS,"May 1, 2025",56,0:01:06,118.14,1494,56.85,,,,,,,,,,,,,,,,,,,,3372,27.9276,9,,1856,2.8
wKtfQLOH9ww,The Hidden Truth About The Chosen People REVEALED @AIBIBLEGOSPELS,"Mar 17, 2025",54,0:00:54,101.36,1431,61.58,,,,,,,,,,,,,,,,,,,,1529,21.7685,3,,2283,3.2
UrZyd9pzI70,Part 42 : The Prophecy revealed: Full Breakdown of the 12 Tribes of Israel @AIBIBLEGOSPELS,"Apr 13, 2025",62,0:01:09,112.12,1425,68.83,,,,,,,,,,,,,,,,,,,,2893,27.8081,2,,2569,1.52
O28keEFsM7I,Part 64 : The Prophecy revealed: Full Breakdown of the 12 Tribes of Israel @AIBIBLEGOSPELS,"May 4, 2025",54,0:01:12,134.27,1282,64.23,,,,,,,,,,,,,,,,,,,,2897,26.0653,6,,1171,3.84
5C2It2rF_CY,Part 2 : The Prophecy revealed: Full Breakdown of the 12 Tribes of Israel  @AIBIBLEGOSPELS,"Mar 23, 2025",56,0:01:04,114.31,1274,63.19,,,,,,,,,,,,,,,,,,,,1371,22.6662,9,,1878,1.7
SWZId0P96f8,Part 38 : The Prophecy revealed: Full Breakdown of the 12 Tribes of Israel @AIBIBLEGOSPELS,"Apr 8, 2025",66,0:01:04,97.08,1241,72.14,,,,,,,,,,,,,,,,,,,,2346,22.3316,2,,1572,3.24
4vj5cDipimw,Part 9 : The Prophecy revealed: Full Breakdown of the 12 Tribes of Israel @AIBIBLEGOSPELS,"Mar 29, 2025",40,0:00:34,85.19,1235,48.7,,,,,,,,,,,,,,,,,,,,1695,11.7975,5,,3065,3.46
0bcCriDBO7w,Part 25 : The Prophecy revealed: Full Breakdown of the 12 Tribes of Israel @AIBIBLEGOSPELS,"Apr 2, 2025",57,0:00:55,96.81,1182,66.51,,,,,,,,,,,,,,,,,,,,2459,18.3465,6,,1795,1.39
9jiykCkltok,Part 23 : The Prophecy revealed: Full Breakdown of the 12 Tribes of Israel @AIBIBLEGOSPELS,"Apr 2, 2025",66,0:01:21,123.61,1177,67.48,,,,,,,,,,,,,,,,,,,,2435,26.9259,6,,2554,5.29
OHfVqkni9g0,Part 5 The Prophecy revealed: Full Breakdown of the 12 Tribes of Israel @AIBIBLEGOSPELS,"Mar 25, 2025",45,0:00:34,76.57,1163,58.58,,,,,,,,,,,,,,,,,,,,1259,11.1506,3,,1365,1.68
WBTvL8yDu70,The Mystery Behind The 12 Lost Tribes of Israel REVEALED? #blackhistory @AIBIBLEGOSPELS,"Feb 7, 2025",39,0:00:39,101.76,1085,66.24,,,,,,,,,,,,,,,,,,,,1265,11.9854,7,,5471,2.25
7lEXIjb1w8c,Part 8 : The Prophecy revealed: Full Breakdown of the 12 Tribes of Israel  @AIBIBLEGOSPELS,"Mar 26, 2025",54,0:00:48,90.67,1069,51.05,,,,,,,,,,,,,,,,,,,,1178,14.5612,4,,1085,1.94
Fw4kOZmriqs,What The Sacred Scriptures REALLY Tell Us About Salvation @AIBIBLEGOSPELS,"Mar 15, 2025",31,0:00:33,108.24,1049,45.69,,,,,,,,,,,,,,,,,,,,1134,9.7873,9,,1721,1.8
dHw41Z7hmVM,Part 58 : The Prophecy revealed: Full Breakdown of the 12 Tribes of Israel @AIBIBLEGOSPELS,"Apr 28, 2025",57,0:00:42,75.08,1035,72.46,,,,,,,,,,,,,,,,,,,,1772,12.4924,5,,946,3.38
V-dUWFIYZQE,Part 55 : The Prophecy revealed: Full Breakdown of the 12 Tribes of Israel @AIBIBLEGOSPELS,"Apr 28, 2025",57,0:01:28,155.82,1003,70.09,,,,,,,,,,,,,,,,,,,,2059,24.9099,5,,1821,2.2
dpERIR0YZZ8,The Most Powerful Biblical Discovery They Kept SECRET! #blackhistory #History Deuteronomy 28:1-14,"Mar 5, 2025",326,0:01:44,32.02,987,,,,,,,,,,,,,,,,,,,,,987,28.6165,11,,11800,3.3
p3aXUpiFT2k,Jacob summon his son @AIBIBLEGOSPELS,"Mar 4, 2025",14,0:00:22,161,922,55.3,,,,,,,,,,,,,,,,,,,,1020,5.7857,7,,1462,2.19
StUObmgtTqw,Part 49 : The Prophecy revealed: Full Breakdown of the 12 Tribes of Israel @AIBIBLEGOSPELS,"Apr 23, 2025",59,0:00:48,81.41,874,45.96,,,,,,,,,,,,,,,,,,,,2062,12.0148,2,,1591,3.96
KK4BaRSCneI,The Hidden Story Behind The 12 Tribes of Israel That Will Amaze You! #blackhistory @AIBIBLEGOSPELS,"Feb 7, 2025",56,0:00:51,92.4,845,69.63,,,,,,,,,,,,,,,,,,,,973,12.1724,9,,3321,2.86
B6vbnPpsX0Y,Ancient Biblical Mystery! #history #biblicalexploration #blackhistory @AIBIBLEGOSPELS,"Feb 2, 2025",59,0:01:07,114.95,806,51.2,,,,,,,,,,,,,,,,,,,,923,15.1925,5,,1462,4.92
Mgkob7zPCXg,Part 66 : The Prophecy revealed: Full Breakdown of the 12 Tribes of Israel @AIBIBLEGOSPELS,"May 8, 2025",62,0:01:10,112.97,780,72.81,,,,,,,,,,,,,,,,,,,,1545,15.287,5,,663,4.52
bhXtvLHRkrU,Part 6: The Prophecy revealed: Full Breakdown of the 12 Tribes of Israel  @AIBIBLEGOSPELS,"Mar 25, 2025",56,0:00:47,84.41,775,62.1,,,,,,,,,,,,,,,,,,,,853,10.1857,3,,978,1.33
7f9Pk1Wwn5o,Top Archaeologist Shares Hidden Secrets of the 12 Tribes  #blackhistory @AIBIBLEGOSPELS,"Feb 2, 2025",48,0:01:07,140.85,752,33.6,,,,,,,,,,,,,,,,,,,,873,14.1427,3,,1316,2.28
_RxAAxLNQNU,Part 12 : The Prophecy revealed: Full Breakdown of the 12 Tribes of Israel  @AIBIBLEGOSPELS,"Mar 29, 2025",55,0:00:51,93.95,743,76.95,,,,,,,,,,,,,,,,,,,,1148,10.7164,9,,1073,2.52
kPO91HQ5nU0,Part 68 : The Prophecy revealed: Full Breakdown of the 12 Tribes of Israel @AIBIBLEGOSPELS,"May 10, 2025",62,0:01:02,100.04,741,68.75,,,,,,,,,,,,,,,,,,,,1305,12.9033,2,,748,3.74
A7cH3cIkFUg,Part 57 : The Prophecy revealed: Full Breakdown of the 12 Tribes of Israel @AIBIBLEGOSPELS,"Apr 28, 2025",54,0:00:46,85.22,699,60.72,,,,,,,,,,,,,,,,,,,,1363,9.123,1,,1065,2.35
HQOGmykLvOw,Part 56 : The Prophecy revealed: Full Breakdown of the 12 Tribes of Israel @AIBIBLEGOSPELS,"Apr 28, 2025",57,0:00:49,86.39,682,60.76,,,,,,,,,,,,,,,,,,,,1318,9.5108,4,,848,1.89
Ze1fd58FxNo,God's Plan Shifting Behind the Scenes #intheplan #faith,"Dec 21, 2025",85,0:00:50,59.17,680,54.07,,,,,,,,,,,,,,,,,,,,1355,9.7157,9,,372,1.34
0c_NdH8xMKs,The Most High’s Love For Israel  A Heart To Heart @AIBIBLEGOSPELS,"Jul 21, 2025",66,0:00:33,50.24,626,30.49,,,,,,,,,,,,,,,,,,,,1985,6.3507,5,,628,3.03
Zydb5yxsPZo,Part 0.1 : The Prophecy revealed: Full Breakdown of the 12 Tribes of Israel @AIBIBLEGOSPELS,"Mar 14, 2025",117,0:01:23,71.12,597,,,,,,,,,,,,,,,,,,,,,597,13.7999,4,,6840,4.37
t627Mad1ljI,How to Spot False Prophets by Their True Fruits @AIBIBLEGOSPELS,"Aug 5, 2025",38,0:00:30,79.99,563,44.42,,,,,,,,,,,,,,,,,,,,1387,5.0515,6,,434,3.23
SIXOuwwXpzo,Why Israel Is Called So Holy They Must Follow @AIBIBLEGOSPELS,"Jul 18, 2025",57,0:00:35,61.86,550,51.41,,,,,,,,,,,,,,,,,,,,1115,5.6028,3,,323,2.48
BMHa1-aVF_4,Unveiling the Hidden Truth: Why the Apocrypha Was Removed from the Bible,"Sep 3, 2025",55,0:01:03,116.15,549,58.31,,,,,,,,,,,,,,,,,,,,1101,9.9121,2,,1692,3.55
K7JT9tQa_So,The Miraculous Healing of a Leper That Defied All Odds! @AIBIBLEGOSPELS,"Aug 3, 2025",34,0:00:24,72.15,542,38.2,,,,,,,,,,,,,,,,,,,,1507,4.0255,7,,285,1.4
dxFbCCS6k3U,Unveiling Rome's Hidden Symbolism and Bible Revisions That Changed History @AIBIBLEGOSPELS,"Sep 4, 2025",63,0:01:04,102.66,525,52.57,,,,,,,,,,,,,,,,,,,,1145,9.6378,5,,342,2.92
wZNMyr3ikxs,How The Most High Redeemed Israel  A Story of love @AIBIBLEGOSPELS,"Jul 25, 2025",67,0:00:33,50.57,524,49.34,,,,,,,,,,,,,,,,,,,,1123,5.1437,3,,419,3.58
oYW3mgVLIfU,Who Are The Israelites  Unpacking Their Divine @AIBIBLEGOSPELS,"Jul 19, 2025",63,0:00:48,76.38,524,53.53,,,,,,,,,,,,,,,,,,,,1089,7.2011,3,,686,2.48
jFSKLn20ecs,Why You Must Remove Your Own Flaws Before Judging Others @AIBIBLEGOSPELS,"Jul 28, 2025",26,0:01:21,312.12,519,24.7,,,,,,,,,,,,,,,,,,,,2002,12.307,0,,404,4.21
afwWega5ofA,The Prophecy of David's Righteous Branch  Hope @AIBIBLEGOSPELS,"Jul 20, 2025",31,0:00:41,132.68,517,29.73,,,,,,,,,,,,,,,,,,,,1782,6.4261,10,,342,2.05
sxlj45oKFrc,Did Jesus Bring Peace or Division  The Truth @AIBIBLEGOSPELS,"Jul 12, 2025",23,0:00:26,115.4,512,30.58,,,,,,,,,,,,,,,,,,,,1784,4.2588,3,,380,3.42
PCxBqyvr8NA,The Lost Tribes of Israel Blessings Deuteronomy 28:1-14 @AIBIBLEGOSPELS,"Mar 6, 2025",155,0:01:30,58.51,507,,,,,,,,,,,,,,,,,,,,,507,12.7732,7,,8979,2.74
ooFdPFS_qvs,"Christ’s True Mission  Awakening Israel, Not EVERYONE AT FIRST @AIBIBLEGOSPELS","Jul 13, 2025",47,0:00:47,101.92,491,32.15,,,,,,,,,,,,,,,,,,,,1627,6.895,2,,801,2.62
TXa0EqXTjr0,The Call to Moses  How The Most High Sent Israel @AIBIBLEGOSPELS,"Jul 23, 2025",62,0:00:54,87.74,490,42.55,,,,,,,,,,,,,,,,,,,,1261,7.6669,5,,326,2.76
FZS8WGcY6Wg,The Remnant of Israel  What Romans 11 Reveals @AIBIBLEGOSPELS,"Jul 15, 2025",44,0:00:39,89.3,481,42.61,,,,,,,,,,,,,,,,,,,,1232,5.5392,2,,910,3.3
XuDLCMmWT6g,Why Did They Lock Away This Mysterious Painting? @AIBIBLEGOSPELS,"Sep 5, 2025",69,0:00:29,43.33,439,63.76,,,,,,,,,,,,,,,,,,,,747,3.7608,5,,302,1.66
NRUOZmX2NWg,Did Jesus Abolish the Law  The Shocking Truth @AIBIBLEGOSPELS,"Jul 8, 2025",66,0:00:56,85.24,412,43.54,,,,,,,,,,,,,,,,,,,,1053,6.6353,2,,500,2
8o0oDlRCAKc,Part 52 : The Prophecy revealed: Full Breakdown of the 12 Tribes of Israel @AIBIBLEGOSPELS,"May 30, 2025",4,0:00:10,258.89,407,47.1,,,,,,,,,,,,,,,,,,,,1593,1.3652,4,,984,1.83
W8gbSwHzxKE,Top Ten Scriptures They Don’t Teach in Church @AIBIBLEGOSPELS,"Jun 27, 2025",257,0:01:57,45.77,404,,,,,,,,,,,,,,,,,,,,,404,13.1992,4,,7063,4.71
iILlk8mc0eM,Part 80 : The Prophecy revealed: Full Breakdown of the 12 Tribes of Israel @AIBIBLEGOSPELS,"May 24, 2025",56,0:00:45,81.31,403,31.72,,,,,,,,,,,,,,,,,,,,1263,5.3987,1,,976,3.07
a4c8bJgxEuY,Part 87: The Prophecy revealed: Full Breakdown of the 12 Tribes of Israel @AIBIBLEGOSPELS,"Jun 3, 2025",16,0:00:27,169.62,403,38.32,,,,,,,,,,,,,,,,,,,,1223,3.2929,3,,1229,2.44
8aaTGPQmSXo,Part 81 : The Prophecy revealed: Full Breakdown of the 12 Tribes of Israel @AIBIBLEGOSPELS,"May 24, 2025",66,0:00:55,83.82,395,66.78,,,,,,,,,,,,,,,,,,,,754,6.1818,2,,755,4.5
5Qo3io6MwEs,Why Did Rome Fear the King James Bible? @AIBIBLEGOSPELS,"Sep 3, 2025",67,0:00:48,72.33,384,54.82,,,,,,,,,,,,,,,,,,,,764,5.2959,4,,385,2.6
Mgp2CgZtG64,Part 72 : The Prophecy revealed: Full Breakdown of the 12 Tribes of Israel @AIBIBLEGOSPELS,"May 16, 2025",55,0:00:44,80.93,383,65.23,,,,,,,,,,,,,,,,,,,,683,4.8198,0,,1001,6.49
_zhWsE36dss,Part 23 : The Prophecy revealed: Full Breakdown of the 12 Tribes of Israel @AIBIBLEGOSPELS,"May 30, 2025",21,0:00:26,125.16,379,46.82,,,,,,,,,,,,,,,,,,,,986,2.9537,3,,730,1.92
Tf390YnbgRg,Part 83 : The Prophecy revealed: Full Breakdown of the 12 Tribes of Israel @AIBIBLEGOSPELS,"May 31, 2025",55,0:00:46,84.66,379,67.02,,,,,,,,,,,,,,,,,,,,727,4.9713,1,,1200,2.5
gVtjIGub94w,Part 74 : The Prophecy revealed: Full Breakdown of the 12 Tribes of Israel @AIBIBLEGOSPELS,"May 18, 2025",51,0:00:37,74.31,376,60.29,,,,,,,,,,,,,,,,,,,,723,4.0708,1,,651,5.38
MAkhk-cIuvE,Part 75 : The Prophecy revealed: Full Breakdown of the 12 Tribes of Israel @AIBIBLEGOSPELS,"May 30, 2025",51,0:00:44,87.04,370,65.08,,,,,,,,,,,,,,,,,,,,727,4.6454,3,,624,1.76
hJDgZIu3gas,Part 85 : The Prophecy revealed: Full Breakdown of the 12 Tribes of Israel  @AIBIBLEGOSPELS,"Jun 1, 2025",53,0:00:32,61.08,370,57.48,,,,,,,,,,,,,,,,,,,,757,3.4601,3,,1035,1.93
5IHuhAx9184,Part 82 : The Prophecy revealed: Full Breakdown of the 12 Tribes of Israel  @AIBIBLEGOSPELS,"May 24, 2025",62,0:00:47,75.95,367,65.05,,,,,,,,,,,,,,,,,,,,681,4.8794,5,,469,2.13
wjAAS108GDw,Part 79 : The Prophecy revealed: Full Breakdown of the 12 Tribes of Israel @AIBIBLEGOSPELS,"May 24, 2025",58,0:00:35,62.04,358,45.82,,,,,,,,,,,,,,,,,,,,825,3.7412,1,,706,1.98
t898Bmt9Pzc,Part 53 : The Prophecy revealed: Full Breakdown of the 12 Tribes of Israel @AIBIBLEGOSPELS,"Apr 28, 2025",64,0:01:03,99.93,353,66.15,,,,,,,,,,,,,,,,,,,,690,6.3383,2,,993,2.42
Tg9tXQBBEVU,Part 76 : The Prophecy revealed: Full Breakdown of the 12 Tribes of Israel @AIBIBLEGOSPELS,"May 22, 2025",55,0:00:43,78.6,352,62.82,,,,,,,,,,,,,,,,,,,,690,4.3101,2,,596,3.86
MFTYh87UX00,The Most High Chosen People @AIBIBLEGOSPELS,"Jun 29, 2025",292,0:01:34,32.28,352,,,,,,,,,,,,,,,,,,,,,352,9.2156,6,,6069,4.76
thvQjWzAhJI,Part 86 : The Prophecy revealed: Full Breakdown of the 12 Tribes of Israel @AIBIBLEGOSPELS,"Jun 2, 2025",54,0:00:57,106.54,349,60.53,,,,,,,,,,,,,,,,,,,,691,5.6698,2,,966,1.86
0hjJSaaUgpU,Part 73 : The Prophecy revealed: Full Breakdown of the 12 Tribes of Israel @AIBIBLEGOSPELS,"May 17, 2025",62,0:00:43,70.55,348,61.21,,,,,,,,,,,,,,,,,,,,668,4.312,0,,728,5.63
hb56WpRKlSk,Part 77 : The Prophecy revealed: Full Breakdown of the 12 Tribes of Israel @AIBIBLEGOSPELS,"May 23, 2025",56,0:00:51,92.51,347,53.5,,,,,,,,,,,,,,,,,,,,717,5.1093,3,,623,2.09
Jb9l1tT95ok,The Most High Chosen People Official Movie @AIBIBLEGOSPELS,"Jul 20, 2025",1117,0:03:45,20.16,347,,,,,,,,,,,,,,,,,,,,,347,21.7002,2,,7704,2.62
BoMLiQDwwo8,Why Jesus’ Teaching Style Left Everyone Astonished @AIBIBLEGOSPELS,"Jul 29, 2025",13,0:00:20,160.51,339,48.35,,,,,,,,,,,,,,,,,,,,982,2.0909,2,,298,2.01
RKJvtfG_JAI,Who Was Jesus Really  Taking to? @AIBIBLEGOSPELS,"Jul 9, 2025",62,0:00:49,79.16,338,49.12,,,,,,,,,,,,,,,,,,,,815,4.7495,1,,326,4.29
hhUc8eF3fzQ,Part 78 : The Prophecy revealed: Full Breakdown of the 12 Tribes of Israel @AIBIBLEGOSPELS,"May 24, 2025",63,0:01:04,102.29,337,49.71,,,,,,,,,,,,,,,,,,,,776,6.1665,1,,525,2.1
DCBxC0F0fBY,Part 84 : The Prophecy revealed: Full Breakdown of the 12 Tribes of Israel  @AIBIBLEGOSPELS,"May 30, 2025",56,0:00:30,53.94,333,42.13,,,,,,,,,,,,,,,,,,,,776,2.968,0,,662,2.27
es3QtBndsRo,"What the 144,000 Actually Means: Full Breakdown #spiritualtruth #revelation","May 30, 2025",58,0:00:37,63.89,332,55.35,,,,,,,,,,,,,,,,,,,,680,3.5372,2,,510,3.33
TmTLdel9HhM,Part 75 : The Prophecy revealed: Full Breakdown of the 12 Tribes of Israel @AIBIBLEGOSPELS,"May 21, 2025",53,0:01:00,113.29,327,52.41,,,,,,,,,,,,,,,,,,,,737,5.58,4,,524,1.72
xL8v7eZ9mwc,The Prophecy Revealed AUDIO BOOK @AIBIBLEGOSPELS,"Jul 27, 2025",4426,0:07:26,10.09,326,,,,,,,,,,,,,,,,,,,,,326,40.425,1,,12227,1.85
qUNz7fKwtMo,What Happened to Black Nobility? @AIBIBLEGOSPELS,"Sep 13, 2025",184,0:01:10,38.56,325,,,,,,,,,,,,,,,,,,,,,325,6.406,-1,,7123,3.68
DIvHY0Ic1Ac,The Complete Biblical Timeline Brought to Life With AI! @AIBIBLEGOSPELS,"Dec 27, 2024",347,0:02:26,42.27,322,,,,,,,,,,,,,,,,,,,,,322,13.1209,2,,3279,5.61
zZ2JGBR8kdI,The Only True High Holy Days Of The Bible @AIBIBLEGOSPELS,"Jun 3, 2025",237,0:01:29,37.59,322,,,,,,,,,,,,,,,,,,,,,322,7.9685,1,,6520,3.65
ly6H3WEF9GE,Matthew Chapter 3: Baptism @AIBIBLEGOSPELS,"Jan 19, 2025",163,0:01:38,60.17,321,,,,,,,,,,,,,,,,,,,,,321,8.7448,3,,2333,3.77
xb8pPrCgFo4,The Wise Man’s Secret to Building a Life That Withstands Any Storm! @AIBIBLEGOSPELS,"Aug 1, 2025",38,0:00:26,69.7,321,37.42,,,,,,,,,,,,,,,,,,,,849,2.5785,3,,574,2.26
ATRC-1-MzcY,The Centurion’s Unbelievable Faith That Amazed Jesus Himself! @AIBIBLEGOSPELS,"Aug 4, 2025",55,0:00:56,103.53,320,49.23,,,,,,,,,,,,,,,,,,,,798,5.1829,4,,374,2.41
KVbj6CvMX5c,Secrets Behind the King James Bible! @AIBIBLEGOSPELS,"Aug 31, 2025",802,0:02:34,19.28,317,,,,,,,,,,,,,,,,,,,,,317,13.6143,3,,6355,3.49
bE_dzZEE4uI,"Why Saying 'Lord, Lord' Isn’t Enough to Enter the Kingdom @AIBIBLEGOSPELS","Jul 30, 2025",28,0:00:27,99.06,314,29.26,,,,,,,,,,,,,,,,,,,,1117,2.707,3,,341,2.35
wei2jbfJMkk,Discover How Christ’s Word Cuts Through @AIBIBLEGOSPELS,"Jul 14, 2025",40,0:00:31,79.39,313,24.36,,,,,,,,,,,,,,,,,,,,1253,3.0921,0,,338,1.78
W0_WDcr0TFI,Ancient Black Hebrew Israelites Journey Through Sacred Wisdom! @AIBIBLEGOSPELS,"Mar 16, 2025",124,0:01:13,59.35,305,,,,,,,,,,,,,,,,,,,,,305,6.2345,1,,5784,2.7
KGVZHGopiQ0,Biblical Warnings That Came True Throughout History REVEALED Deuteronomy 28:15-68 @AIBIBLEGOSPELS,"Mar 9, 2025",768,0:05:43,44.71,292,,,,,,,,,,,,,,,,,,,,,292,27.8518,4,,3622,3.67
uGkJtkdElcg,The Truth About King James and the Bible Revealed @AIBIBLEGOSPELS,"Sep 11, 2025",343,0:01:19,23.21,292,,,,,,,,,,,,,,,,,,,,,292,6.4585,1,,5961,4.16
dwd69b2G-gU,The Hidden Truth About Biblical Identity That Will SHOCK You! @AIBIBLEGOSPELS,"Feb 20, 2025",53,0:01:07,126.51,269,77.74,,,,,,,,,,,,,,,,,,,,339,5.0184,1,,1552,4.9
ocXSvMnJaLE,"The Lost Tribes of Israel Biblical Prophecy ""Deuteronomy"" 28:15-68 @AIBIBLEGOSPELS","Mar 8, 2025",688,0:04:40,40.75,263,,,,,,,,,,,,,,,,,,,,,263,20.4821,1,,3140,3.73
BmURiZOQnKA,Jesus Taught with Authority  The Bold Doctrine @AIBIBLEGOSPELS,"Jul 10, 2025",58,0:01:06,114.33,259,48.53,,,,,,,,,,,,,,,,,,,,610,4.8623,2,,298,3.02
onnUvy4ryAA,The Most High’s Chosen People (Part II) – Scattered Tribes Awaken @AIBIBLEGOSPELS,"Jul 4, 2025",356,0:01:52,31.61,249,,,,,,,,,,,,,,,,,,,,,249,7.7842,0,,4448,4.54
gAgEL09nLRU,The Most High’s Chosen People (Part III) – Covenant Restored @AIBIBLEGOSPELS,"Jul 6, 2025",311,0:01:43,33.37,234,,,,,,,,,,,,,,,,,,,,,234,6.7454,1,,4800,3.96
Fczcu80IHj8,The Secret History of Black Royalty and Faith! @AIBIBLEGOSPELS,"Sep 10, 2025",155,0:00:49,32.18,227,,,,,,,,,,,,,,,,,,,,,227,3.1455,4,,4196,4.84
c9Lf2SBFjho,Matthew Chapter 1: The Genealogy @AIBIBLEGOSPELS,"Jan 4, 2025",234,0:02:20,60.02,227,,,,,,,,,,,,,,,,,,,,,227,8.8566,6,,1979,5.61
ggAF28BvCqY,The Most High Chosen People How special and Holy they are @AIBIBLEGOSPELS,"Jan 21, 2025",33,0:00:28,85.47,221,,,,,,,,,,,,,,,,,,,,,221,1.7303,2,,3597,3.28
hJZ3g3ThGik,Part 30: The Prophecy revealed: Full Breakdown of the 12 Tribes of Israel @AIBIBLEGOSPELS,"Apr 3, 2025",52,0:01:33,179.73,221,72.2,,,,,,,,,,,,,,,,,,,,487,5.7675,3,,1400,2.07
quH9W0PDfKc,Jesus Calls His First Disciples After Conquering Temptation @AIBIBLEGOSPELS,"Jan 25, 2025",198,0:01:33,47.26,220,,,,,,,,,,,,,,,,,,,,,220,5.7185,3,,4314,2.8
9L5mYYDAF1o,Did King James Really Change Britain Forever? @AIBIBLEGOSPELS,"Sep 2, 2025",204,0:00:58,28.88,220,,,,,,,,,,,,,,,,,,,,,220,3.6,1,,4978,3.46
EVXPdM8tGcQ,Part 27: The Prophecy revealed: Full Breakdown of the 12 Tribes of Israel @AIBIBLEGOSPELS,"Apr 3, 2025",59,0:01:20,136.8,212,70.88,,,,,,,,,,,,,,,,,,,,436,4.785,0,,1297,1.16
TxO-08eVvVw,Book of Matthew 6 #godsays #motivation #quotes #godscommand,"Mar 8, 2026",29,0:00:18,65.41,189,24.74,,,,,,,,,,,,,,,,,,,,740,1.2174,33,,23,0
TAGtH0QoXEQ,10 Biblical Prophecies You Never Heard About,"Jun 26, 2025",270,0:01:26,32,189,,,,,,,,,,,,,,,,,,,,,189,4.5356,0,,4529,3.31
0JMTqU5DhZQ,Why The World Was Made For The Children of Israel @AIBIBLEGOSPELS,"Jul 16, 2025",37,0:00:25,68.96,178,22.52,,,,,,,,,,,,,,,,,,,,727,1.4391,1,,925,3.78
vnKtQxSED6E,The Bible's Real Faces Revealed! @AIBIBLEGOSPELS,"Sep 8, 2025",56,0:00:41,74.04,175,38.93,,,,,,,,,,,,,,,,,,,,480,2.1101,4,,433,1.39
BRulDl0oKVM,The Hidden Message Our Elders Left Behind REVEALED @AIBIBLEGOSPELS,"Mar 11, 2025",71,0:00:49,69.62,170,,,,,,,,,,,,,,,,,,,,,170,2.3341,0,,3094,2.71
EvETIWMgMA4,Sleep With PSALMS | Power Scriptures for the Soul KJV Bible Audio @AIBIBLEGOSPELS,"Jun 5, 2025",7200,0:23:59,19.99,164,,,,,,,,,,,,,,,,,,,,,164,65.5635,2,,4548,2.9
V1X-iqGgYls,"Journey with us, The Most High Chosen People! @AIBIBLEGOSPELS","Mar 1, 2025",27,0:00:22,86.23,163,,,,,,,,,,,,,,,,,,,,,163,1.0152,1,,2462,2.72
g713EId0x3U,Part 46 : The Prophecy revealed: Full Breakdown of the 12 Tribes of Israel @AIBIBLEGOSPELS,"Apr 18, 2025",58,0:01:54,197.11,159,77.05,,,,,,,,,,,,,,,,,,,,331,5.0646,1,,1309,3.82
cXlSgRzultU,Scripture Reveals Your True Tribe #israelite #identity #bibleprophecy,"Feb 28, 2026",19,0:00:14,77.39,159,20.95,,,,,,,,,,,,,,,,,,,,760,0.8697,2,,73,0
izvPfu1UjkM,The KJV 1611 Truth Nobody's Talking About,"Sep 12, 2025",289,0:01:21,28.08,159,,,,,,,,,,,,,,,,,,,,,159,3.5843,1,,3864,3.42
sN_UHGSkArg,Why These 12 Tribes Changed The World FOREVER @AIBIBLEGOSPELS,"Feb 18, 2025",58,0:01:07,115.9,153,60.96,,,,,,,,,,,,,,,,,,,,226,2.8699,0,,1079,2.97
WHElP5K1Wxo,Matthew Chapter 5: The Beatitudes @AIBIBLEGOSPELS,"Aug 3, 2025",370,0:01:37,26.33,150,,,,,,,,,,,,,,,,,,,,,150,4.0585,1,,3870,2.35
3ase0yJE_Xs,The 12 Tribes of Israel The Most High Holy People @AIBIBLEGOSPELS,"Feb 20, 2025",59,0:01:06,115.02,150,63.39,,,,,,,,,,,,,,,,,,,,219,2.7977,2,,952,1.89
x-Dyek2bN98,King James United Three Kingdoms The Untold @AIBIBLEGOSPELS,"Sep 2, 2025",69,0:00:43,62.34,146,36.59,,,,,,,,,,,,,,,,,,,,393,1.8311,1,,449,1.78
FxBcgMI3Rcc,The 12 Tribes Prophecy | What the KJV Bible Actually Says #gospel #truth #history,"Feb 28, 2026",29,0:00:38,132.13,145,28.16,,,,,,,,,,,,,,,,,,,,547,1.6863,6,,175,2.29
LFad8UPQOew,Top 10 Evil Kings of Israel – Wickedness Exposed! @AIBIBLEGOSPELS,"Jun 10, 2025",236,0:01:28,37.55,145,,,,,,,,,,,,,,,,,,,,,145,3.5691,0,,3101,3.45
puRpiE4KtXQ,"Deuteronomy 7:6-7 – ""For thou art an holy people unto the LORD thy God @AIBIBLEGOSPELS","Mar 3, 2025",45,0:00:35,78.14,145,,,,,,,,,,,,,,,,,,,,,145,1.4163,1,,3576,1.79
qyh745BNjw0,Top Ten Curses of Deuteronomy 28 @AIBIBLEGOSPELS,"Jun 28, 2025",208,0:01:26,41.7,143,,,,,,,,,,,,,,,,,,,,,143,3.445,3,,4200,2.67
PEoPYP_Bc7Q,"Matthew Chapter 2: The Journey of Faith, Prophecy, and Divine Intervention @AIBIBLEGOSPELS","Jan 21, 2025",231,0:02:31,65.52,143,,,,,,,,,,,,,,,,,,,,,143,6.0116,0,,3428,1.93
IqcXS2Xd290,Matthew 13  #motivation #godsays #quotes #godscommand,"Mar 9, 2026",58,0:00:46,80.1,137,48.07,,,,,,,,,,,,,,,,,,,,341,1.8342,3,,74,1.35
2oP2-iyMf20,Part 7:  The Prophecy revealed: Full Breakdown of the 12 Tribes of Israel @AIBIBLEGOSPELS,"Mar 26, 2025",64,0:01:09,108.24,134,57.76,,,,,,,,,,,,,,,,,,,,227,2.5938,0,,995,0.9
ZnCssbJ2ndw,The REAL Truth About the 12 Tribes of Israel #jesus #scripture #enddays #gospel,"Feb 28, 2026",41,0:01:01,149.57,123,36.89,,,,,,,,,,,,,,,,,,,,371,2.1686,2,,157,4.46
XOAgFc78mJQ,How God Blessed Israel With Everything They Needed #Gospel #Faith,"Feb 28, 2026",35,0:00:19,55.74,121,16.16,,,,,,,,,,,,,,,,,,,,699,0.8604,4,,390,1.03
oKEFVFc7fe8,Most Powerful Psalms For Protection Scriptures @AIBIBLEGOSPELS,"Jul 14, 2025",7587,0:23:44,18.78,109,,,,,,,,,,,,,,,,,,,,,109,43.1342,2,,2086,3.45
Ox_dozHLaaM,The Hidden Truth About Biblical Identity That Will SHOCK You! @AIBIBLEGOSPELS,"Feb 20, 2025",53,0:00:41,78.46,104,,,,,,,,,,,,,,,,,,,,,104,1.2013,0,,1339,2.24
2e_pe-3GpBI,The SHOCKING Reality of How Nations Fall From Within @AIBIBLEGOSPELS,"Mar 22, 2025",52,0:00:37,71.19,100,,,,,,,,,,,,,,,,,,,,,100,1.0283,0,,3078,2.08
YRi0JZn2_lM,Top Ten Greatest Women in the Bible @AIBIBLEGOSPELS,"Jun 5, 2025",237,0:01:55,48.53,99,,,,,,,,,,,,,,,,,,,,,99,3.1632,1,,2262,2.83
Mo1wDJhH3d8,Part 63 : The Prophecy revealed: Full Breakdown of the 12 Tribes of Israel @AIBIBLEGOSPELS,"May 3, 2025",55,0:01:03,116.06,99,75.21,,,,,,,,,,,,,,,,,,,,211,1.7682,1,,713,4.63
p0xBHbtk7CI,Powerful Biblical Knowledge That Nobody Talks About #blackhistory @AIBIBLEGOSPELS,"Feb 24, 2025",55,0:00:45,82.96,98,,,,,,,,,,,,,,,,,,,,,98,1.2421,0,,1424,1.62
uCGVZVqgZTw,The Prayer Every Parent Should Know #parenting #hebrew #faith,"Feb 28, 2026",40,0:00:23,59.28,98,31.01,,,,,,,,,,,,,,,,,,,,326,0.736,1,,74,1.35
MbDzov2sT6c,Matthew 6  #motivation #quotes #duet #motivational #success,"Mar 7, 2026",34,0:00:20,60.9,98,24.75,,,,,,,,,,,,,,,,,,,,383,0.6758,5,,56,3.57
w8fXqQPM26o,Part 59 : The Prophecy revealed: Full Breakdown of the 12 Tribes of Israel @AIBIBLEGOSPELS,"Apr 29, 2025",60,0:01:20,134.62,97,79.63,,,,,,,,,,,,,,,,,,,,192,2.185,1,,916,3.06
7PkG1upR3lM,They Hid What James Said About the Papacy #BibleProphecy #12Tribes #TruthRevealed,"Sep 16, 2025",61,0:00:42,69.3,96,39.53,,,,,,,,,,,,,,,,,,,,227,1.1729,1,,719,3.06
2mruvqERKQs,What Makes the King James Bible So Special? @AIBIBLEGOSPELS,"Sep 4, 2025",65,0:00:37,56.95,93,26.88,,,,,,,,,,,,,,,,,,,,328,1.042,0,,476,4.2
TK82X4dOE7w,Part 60 : The Prophecy revealed: Full Breakdown of the 12 Tribes of Israel @AIBIBLEGOSPELS,"Apr 30, 2025",54,0:01:11,133.24,89,71.3,,,,,,,,,,,,,,,,,,,,208,1.7935,0,,941,2.44
SlVWjV3Gf2I,The 1747 Map of Africa – What They Don’t Want You to See @AIBIBLEGOSPELS,"Jun 29, 2025",66,0:00:42,64.63,88,,,,,,,,,,,,,,,,,,,,,88,1.0427,0,,1077,5.39
i8WDWCNarRE,This is Why Fathers Tell Their Sons About the Exodus #legacy #faith #gospel,"Feb 28, 2026",38,0:00:28,76.3,87,33.72,,,,,,,,,,,,,,,,,,,,264,0.7677,2,,66,0
YZOq2NBT3d8,Part 51 : The Prophecy revealed: Full Breakdown of the 12 Tribes of Israel @AIBIBLEGOSPELS,"Apr 26, 2025",60,0:01:54,190.68,86,70.87,,,,,,,,,,,,,,,,,,,,185,2.7447,0,,864,1.97
eVm9_23Ngkk,Jesus' Mission Was Family Focused  @AIBIBLEGOSPELS,"Jul 11, 2025",69,0:00:48,70.62,85,41.92,,,,,,,,,,,,,,,,,,,,218,1.1868,2,,275,2.18
QMIYjjqLa6c,Hidden History of a Black European King! @AIBIBLEGOSPELS,"Sep 6, 2025",61,0:00:48,79.82,85,21.33,,,,,,,,,,,,,,,,,,,,361,1.2254,1,,668,4.19
U9Odey7BrxE,Part 54 : The Prophecy revealed: Full Breakdown of the 12 Tribes of Israel @AIBIBLEGOSPELS,"Apr 28, 2025",62,0:01:04,103.38,85,72.64,,,,,,,,,,,,,,,,,,,,170,1.5236,0,,899,1.45
9U2SAur93KE,God's commandments will change your life forever #bible #jesus #transformation,"Feb 28, 2026",41,0:00:21,53.09,85,15.43,,,,,,,,,,,,,,,,,,,,506,0.6499,0,,45,2.22
YPtaazQh9lg,Jesus Gave This Warning in Matthew 6 You Need to Hear #EndTimes #Scripture,"Mar 7, 2026",11,0:00:10,92.57,83,11.34,,,,,,,,,,,,,,,,,,,,691,0.4356,12,,52,0
Ef_0BOSXpIA,Israel  A Chosen Generation and Royal Priest @AIBIBLEGOSPELS,"Jul 24, 2025",66,0:00:30,45.45,81,15.89,,,,,,,,,,,,,,,,,,,,449,0.7897,0,,616,2.76
V-VSf1C2aTw,Matthew 7  #motivation #quotes #duet,"Mar 8, 2026",38,0:00:47,126.25,80,27.78,,,,,,,,,,,,,,,,,,,,291,1.1433,2,,26,3.85
xDlYp2yQIx8,"The Prayer of Manasses, King of Judah (Powerful Repentance Prayer | Apocrypha) @AIBIBLEGOSPELS","Feb 7, 2026",251,0:01:28,35.1,80,,,,,,,,,,,,,,,,,,,,,80,1.9578,1,,1427,4.13
zyS-Q2F_Hps,Who Are the 12 Tribes of Israel? | Ancient Truths Uncovered @AIBIBLEGOSPELS,"Jul 17, 2025",41,0:00:27,67.61,80,27.05,,,,,,,,,,,,,,,,,,,,279,0.686,0,,566,4.42
msD6dQm9W6A,Top Ten Greatest Kings Israel @AIBIBLEGOSPELS,"Jun 12, 2025",212,0:01:42,48.58,80,,,,,,,,,,,,,,,,,,,,,80,2.2886,-1,,2240,2.77
0nM51QdNWLU,Part 50 : The Prophecy revealed: Full Breakdown of the 12 Tribes of Israel @AIBIBLEGOSPELS,"Apr 24, 2025",65,0:01:05,100.07,79,71.28,,,,,,,,,,,,,,,,,,,,148,1.4414,1,,684,2.78
N9TfaMJAIik,"Don't Give for Glory, Give for God #SpiritualTruth #Faith","Mar 7, 2026",38,0:00:20,54.25,77,9.91,,,,,,,,,,,,,,,,,,,,665,0.6356,4,,30,0
8oQbY2_2wnY,Top Ten Evil Women In The Bible @AIBIBLEGOSPELS,"Jun 17, 2025",202,0:01:28,44.02,73,,,,,,,,,,,,,,,,,,,,,73,1.8031,0,,1238,3.88
4-lwx45nL1A,Part 65 : The Prophecy revealed: Full Breakdown of the 12 Tribes of Israel @AIBIBLEGOSPELS,"May 6, 2025",56,0:01:05,116.37,71,76.14,,,,,,,,,,,,,,,,,,,,149,1.2916,1,,724,2.21
a11hrG9FSpI,The True Mission & Doctrine of Christ @AIBIBLEGOSPELS,"Jul 13, 2025",527,0:02:26,27.78,71,,,,,,,,,,,,,,,,,,,,,71,2.8873,0,,2640,1.63
QTsCcJxRhsc,Part 52 : The Prophecy revealed: Full Breakdown of the 12 Tribes of Israel @AIBIBLEGOSPELS,"Apr 26, 2025",60,0:01:13,121.75,71,72.41,,,,,,,,,,,,,,,,,,,,145,1.4501,1,,722,1.11
8RmiO6jT-Co,Matthew 7  #motivation #godsays #quotes #godscommand,"Mar 8, 2026",36,0:00:22,63.39,69,30.26,,,,,,,,,,,,,,,,,,,,239,0.4972,7,,14,0
FfnfxlX1hmU,Matthew 8 #motivation #godsays #quotes #godscommand,"Mar 9, 2026",37,0:00:44,121.19,68,26.42,,,,,,,,,,,,,,,,,,,,275,0.9081,4,,42,4.76
5clbXshp6Ic,The Hidden Reason Israel's 12 Tribes Hold Divine Power #KingdomRevealed #Prophecy,"Jul 26, 2025",55,0:00:39,71.11,68,22.22,,,,,,,,,,,,,,,,,,,,256,0.8029,0,,715,3.78
CuNKO1aBdRM,Part 67 : The Prophecy revealed: Full Breakdown of the 12 Tribes of Israel @AIBIBLEGOSPELS,"May 9, 2025",60,0:00:56,93.71,67,79.22,,,,,,,,,,,,,,,,,,,,123,1.0527,2,,789,3.68
4U2jkTkYYpA,Real Prayer Happens Behind Closed Doors Matthew 6 #KJVBible #SpiritualTruth #Gospel,"Mar 7, 2026",27,0:00:16,61.81,67,27.35,,,,,,,,,,,,,,,,,,,,251,0.3782,2,,28,0
2BqkIPKqj_8,Top 12 Apostles of Jesus Christ @AIBIBLEGOSPELS,"Jun 25, 2025",204,0:01:10,34.41,66,,,,,,,,,,,,,,,,,,,,,66,1.2868,0,,1972,2.13
6lbjD5o_ulk,This 12 Tribes Prophecy Changes Everything #shorts #prophecy,"May 15, 2025",53,0:01:01,115.18,65,66.3,,,,,,,,,,,,,,,,,,,,133,1.1155,1,,513,3.12
NLjHNAFh2Ho,Fear Only the Lord—All Other Powers Are Powerless #jesus #godmessage #shorts,"Feb 28, 2026",22,0:00:14,65.8,62,13.1,,,,,,,,,,,,,,,,,,,,442,0.3781,3,,47,4.26
sbv8oJWTgHk,Part 52 : The Prophecy revealed: Full Breakdown of the 12 Tribes of Israel @AIBIBLEGOSPELS,"Apr 25, 2025",61,0:00:53,87.33,62,65.06,,,,,,,,,,,,,,,,,,,,118,0.9316,0,,575,1.91
MUOhSe9WJ-I,Top 10 Fossils and the Bible @AIBIBLEGOSPELS,"Jun 24, 2025",227,0:01:13,32.47,61,,,,,,,,,,,,,,,,,,,,,61,1.2489,0,,2879,1.46
m2yANlfK0Io,Most Follow the Wide Gate Without Realizing It #warning #scripture,"Aug 2, 2025",20,0:00:39,197.89,61,19.43,,,,,,,,,,,,,,,,,,,,325,0.7551,0,,334,1.2
EFGQB8h8hAo,The Powerful Message of Matthew 6 for These Last Days #KingdomWealth #KJVBible,"Mar 7, 2026",29,0:00:21,75.45,59,18.21,,,,,,,,,,,,,,,,,,,,324,0.4455,12,,35,0
jky3Ju8SM3Y,Matthew 13  #motivation #godsays #quotes #love #hebrew,"Mar 10, 2026",65,0:00:37,57.46,54,24.66,,,,,,,,,,,,,,,,,,,,220,0.6153,0,,75,0
L3TmNiJJ4ZM,Top 10 Psalms of David That Will Inspire You Today,"Jun 19, 2025",310,0:01:42,33.09,50,,,,,,,,,,,,,,,,,,,,,50,1.4248,1,,1120,2.5
UVRG401MP0M,The Prayer of Azariah (Powerful Prayer in the Fiery Furnace | Apocrypha) @AIBIBLEGOSPELS,"Feb 14, 2026",639,0:03:13,30.21,49,,,,,,,,,,,,,,,,,,,,,49,2.6272,0,,762,3.41
09RCHU1MW9Q,Your Heavenly Father Gives Better Gifts Than You Imagine #BiblePromise #Faith #Abundance,"Jul 31, 2025",52,0:00:44,84.97,48,14.56,,,,,,,,,,,,,,,,,,,,311,0.6728,0,,316,1.58
ODXWf2EagfQ,The Forgotten Prayer of King Manasses (Apocrypha Scripture) @AIBIBLEGOSPELS,"Feb 16, 2026",236,0:01:09,29.44,46,,,,,,,,,,,,,,,,,,,,,46,0.8879,0,,1458,1.92
wlRi_e-zzE4,Part 69 : The Prophecy revealed: Full Breakdown of the 12 Tribes of Israel @AIBIBLEGOSPELS,"May 13, 2025",56,0:00:46,82.75,45,68.85,,,,,,,,,,,,,,,,,,,,83,0.5881,0,,391,5.12
sgLo5OdT06k,The Grain Fields Confrontation - Jesus Breaks The Sabbath Law #KJVBible #Gospel,"Mar 12, 2026",50,0:00:21,42.48,45,14.71,,,,,,,,,,,,,,,,,,,,287,0.3519,1,,46,0
Z8z2MM1e2L8,What Happened to King James' Family? @AIBIBLEGOSPELS,"Sep 7, 2025",65,0:00:27,42.36,45,25.63,,,,,,,,,,,,,,,,,,,,141,0.3742,0,,453,2.65
95TP7Geht98,Book of Matthew 6,"Mar 8, 2026",24,0:00:13,57.03,42,15.91,,,,,,,,,,,,,,,,,,,,266,0.2346,3,,60,1.67
FEkLq5XApX0,The Everlasting Covenant  Israel’s Promise @AIBIBLEGOSPELS,"Jul 22, 2025",40,0:02:01,303.51,40,17.92,,,,,,,,,,,,,,,,,,,,197,1.4065,0,,242,2.07
2MuEXCJVjZU,Book of Matthew 6,"Mar 8, 2026",12,0:00:11,94.72,39,15,,,,,,,,,,,,,,,,,,,,270,0.2003,6,,29,0
jAwoWZbiQeE,Book of Matthew 6,"Mar 8, 2026",19,0:00:13,71.72,38,33.04,,,,,,,,,,,,,,,,,,,,123,0.1743,0,,21,0
ccPTvavU5uU,This Ancient Law Still Changes Everything Today #bible #faith #gospel,"Feb 28, 2026",26,0:00:18,69.29,37,21.39,,,,,,,,,,,,,,,,,,,,166,0.2341,7,,52,0
rKLtGlKw4ak,3 Things Jesus Commands Before You Enter His Kingdom,"Jul 17, 2025",667,0:03:00,27.07,37,,,,,,,,,,,,,,,,,,,,,37,1.8559,0,,768,2.6
n7bbRBUSXfY,Jesus Heals on the Sabbath—What the Pharisees Got Wrong #BibleTruth #Jesus #Gospel,"Mar 13, 2026",41,0:00:18,44.42,37,16.02,,,,,,,,,,,,,,,,,,,,221,0.2528,2,,70,2.86
t4g80RwGtis,Matthew 13 KJV | The Hidden Mysteries Jesus Only Revealed to the Chosen,"Mar 9, 2026",439,0:02:19,31.79,34,,,,,,,,,,,,,,,,,,,,,34,1.1867,0,,695,4.03
s_BujKy3mjs,Matthew 7 #motivation #quotes #duet,"Mar 8, 2026",39,0:00:26,68.77,32,31.07,,,,,,,,,,,,,,,,,,,,115,0.2669,1,,14,0
QBMo8vJm1D0,Matthew 12 KJV | Lord of the Sabbath & The Unpardonable Sin,"Mar 8, 2026",468,0:02:19,29.81,32,,,,,,,,,,,,,,,,,,,,,32,1.2399,0,,478,5.65
zQaLpyUFfNA,Why Governments Fear Moral Truth #AIBibleGospels #12Tribes,"Sep 17, 2025",45,0:00:41,91.34,32,71.88,,,,,,,,,,,,,,,,,,,,58,0.37,0,,413,3.87
fXq8_8QVb1M,Real Me Podcast | Episode 2: The Secret Lives of Billionaires @AIBIBLEGOSPELS,"Sep 1, 2025",696,0:01:38,14.13,31,,,,,,,,,,,,,,,,,,,,,31,0.847,0,,1073,1.86
xO5bu0thY28,Deuteronomy 6 | Hear O Israel – The Shema & Greatest Commandment (KJV) @AIBIBLEGOSPELS,"Feb 28, 2026",299,0:02:17,46,30,,,,,,,,,,,,,,,,,,,,,30,1.1462,0,,671,2.68
p8E7hz7Vtn4,Matthew 10 KJV | The Full Gospel in Cinematic Vision,"Mar 7, 2026",415,0:01:34,22.77,30,,,,,,,,,,,,,,,,,,,,,30,0.7913,0,,494,3.44
2jY6JD1f3Ak,AI Voice of the Gospel | Who Are the 12 Tribes of Israel? | Ancient Truths Uncovered,"Mar 14, 2026",66,0:00:31,47.97,24,15.19,,,,,,,,,,,,,,,,,,,,159,0.2513,,,25,0
l0aQ6HURuS8,Matthew 7  #motivation #godsays #quotes  #money  #success,"Mar 8, 2026",37,0:00:26,70.67,24,17.91,,,,,,,,,,,,,,,,,,,,133,0.2093,0,,23,0
KVWUcoV2nOI,Full Matthew 11 KJV | Divine Rebuke & The Invitation to Rest,"Mar 7, 2026",316,0:00:55,17.54,23,,,,,,,,,,,,,,,,,,,,,23,0.3542,0,,661,2.42
VwLNSJuesG0,Jesus Confronts the Pharisees - Matthew 12's Battle for Truth & Righteousness,"Mar 13, 2026",546,0:02:09,23.78,23,,,,,,,,,,,,,,,,,,,,,23,0.8296,0,,663,2.41
ggEaJVWsYMs,Jesus Showed His Power Through Radical Forgiveness #jesus #miracle #scripture,"Mar 14, 2026",46,0:00:20,44.49,23,8.71,,,,,,,,,,,,,,,,,,,,240,0.2026,,,22,0
q91VkMp8tY8,Consider the Lilies of the Field #BibleTruth #Scripture,"Mar 7, 2026",15,0:00:18,123.23,22,10,,,,,,,,,,,,,,,,,,,,204,0.1736,3,,22,0
8MkOFpDqJS0,Book of Matthew 6,"Mar 8, 2026",14,0:00:12,91.22,22,16.18,,,,,,,,,,,,,,,,,,,,135,0.1162,3,,29,0
IDe8Ig3Rw1g,Matthew's Meal With Jesus Changed History #BibleStory #Gospel #Faith,"Mar 14, 2026",57,0:00:17,30.92,21,8.54,,,,,,,,,,,,,,,,,,,,233,0.1665,,,22,4.55
TMSy1bkK2tQ,Where Are the 12 Tribes NOW? #BibleMystery #EndTimes #Prophecy,"Mar 14, 2026",43,0:00:27,63.99,20,10.42,,,,,,,,,,,,,,,,,,,,175,0.2022,,,22,9.09
0iHi6R3c8Hk,What God Says About Wrong Prayer #godscommand #matthew,"Mar 7, 2026",17,0:00:19,117.04,19,26.09,,,,,,,,,,,,,,,,,,,,83,0.1242,0,,57,0
_Ylc1IR0qTc,These Biblical Laws Will Transform Your Character #Discipline #Faith,"Feb 28, 2026",21,0:00:14,69.36,19,13.1,,,,,,,,,,,,,,,,,,,,135,0.1208,1,,33,3.03
U6Si4hbf1lI,Top 10 Angels and Demons Ranked in a Surprising Countdown! @AIBIBLEGOSPELS,"May 31, 2025",263,0:02:00,45.94,18,,,,,,,,,,,,,,,,,,,,,18,0.6041,0,,336,2.98
5PkQelhrXaM,What the Bible Says About the 12 Tribes #IsraeliteAwakening #Scripture,"Feb 28, 2026",34,0:01:17,228.62,16,80,,,,,,,,,,,,,,,,,,,,37,0.3474,0,,62,1.61
MoHNAkcvuQ4,Jesus' Authority Over Sickness & Demons | Matthew 8 KJV Miracles Revealed,"Mar 7, 2026",366,0:01:05,17.77,16,,,,,,,,,,,,,,,,,,,,,16,0.2891,0,,405,2.72
tm7WlZ7A85w,Can Worry Change Anything? Jesus Says No #EndTimes #SpiritualTruth,"Mar 7, 2026",8,0:01:23,1045.25,15,8.15,,,,,,,,,,,,,,,,,,,,170,0.396,0,,39,0
3riiNCfzQ_g,They've Been Using the Same Deception for 2000 Years #Bible #GovernmentControl,"Sep 14, 2025",45,0:04:23,586.27,14,46.15,,,,,,,,,,,,,,,,,,,,37,1.0333,0,,423,1.89
3ePJ8t-MOXU,The Sermon on the Mount Visualized | Matthew 6 KJV AI,"Mar 7, 2026",372,0:02:51,46.21,14,,,,,,,,,,,,,,,,,,,,,14,0.6685,0,,134,5.97
fwFx-3qy1S8,"Matthew 9 KJV | Miracles, Faith & the Power to Heal","Mar 7, 2026",395,0:01:48,27.47,13,,,,,,,,,,,,,,,,,,,,,13,0.3919,0,,287,2.79
AXYOKOD6GFs,King Manasseh's Prayer That Changed Everything #Bible #Prayer #Gospel,"Feb 28, 2026",38,0:00:31,82.1,12,73.33,,,,,,,,,,,,,,,,,,,,22,0.1053,0,,58,0
FL2X41cjCVs,Matthew 7 KJV | Not Everyone Who Says Lord Shall Enter,"Mar 7, 2026",297,0:01:35,32.29,11,,,,,,,,,,,,,,,,,,,,,11,0.293,0,,197,3.55
7Uw_TQ1yscU,Who Really Are the 12 Tribes of Israel | Ancient Secrets Revealed #BibleTruth #Prophecy,"Feb 28, 2026",44,0:00:22,51.28,10,47.62,,,,,,,,,,,,,,,,,,,,24,0.0671,0,,160,0.63
VpDeAEbK2cA,Matthew chapter 6  #motivation #quotes #duet,"Mar 7, 2026",11,0:00:10,98.8,8,16.33,,,,,,,,,,,,,,,,,,,,51,0.0411,0,,21,0
dsTtcVaQu1Q,Book of Matthew 6,"Mar 8, 2026",12,0:00:10,87.86,6,9.68,,,,,,,,,,,,,,,,,,,,64,0.0357,2,,36,0
vfrGj7jOGbk,Matthew 8  #motivation #godsays #quotes #godscommand,"Mar 8, 2026",41,0:00:27,67.19,5,41.67,,,,,,,,,,,,,,,,,,,,15,0.0406,0,,31,0
FPmOIuG-TIo,Why Did James Lose His Friends Over This Secret? @AIBIBLEGOSPELS,"Sep 9, 2025",140,0:01:04,46.22,5,,,,,,,,,,,,,,,,,,,,,5,0.0899,0,,143,2.1
 -grZ-uQ2U7w,Kingdom Prosperity AD,,75,0:00:59,79.66,5,,,,,,,,,,,,,,,,,,,,,5,0.083,0,,0,
ZTRImPlvwgE,Matthew 7  #motivation #godsays #quotes #love,"Mar 8, 2026",37,0:00:47,127.35,5,25,,,,,,,,,,,,,,,,,,,,24,0.0703,0,,26,0
e3XFPdsTTvs,Where Are the 12 Tribes of Israel Now? Scripture Uncovers the Answer #EndTimes #Prophecy,"Mar 8, 2026",39,0:00:24,61.92,4,23.08,,,,,,,,,,,,,,,,,,,,16,0.031,0,,147,1.36
mvQ4BQILSd8,Matthew 8 #BibleProphecy #AIBibleGospels #12Tribes,"Mar 8, 2026",43,0:00:55,129.21,3,12.5,,,,,,,,,,,,,,,,,,,,26,0.0542,0,,48,2.08
